amfi_code,Tracking_Error
119599,0.2771351379626376
120843,0.20642496841144062
120842,0.21916937594238353
101207,0.2921174251929163
119598,0.2838814541332667
